<?xml version="1.0" encoding="utf-8" standalone="no"?>
<CProIntegrity>
	<catalog name="[DiskHash]">		<entry name="._samples.jar">
			<Algid>00008021</Algid>
			<Path>./samples.jar</Path>
			<Tag>D304C6B5F1824B2BA72F609EEDB6C67F32DBCC526806969423F2B434C86561D6</Tag>
		</entry>
		<entry name="._javadoc_CAdES-javadoc.jar">
			<Algid>00008021</Algid>
			<Path>./javadoc/CAdES-javadoc.jar</Path>
			<Tag>A19571FED59D9A37232D31FDB4AF61463221BAFEDE5A27BF7649BB4BBBD603D3</Tag>
		</entry>
		<entry name="._javadoc_Rutoken-javadoc.jar">
			<Algid>00008021</Algid>
			<Path>./javadoc/Rutoken-javadoc.jar</Path>
			<Tag>6F050C1E9F760769B37901BD54B2C8D2F46A992F9DF957DDAC6186C94BF2FF06</Tag>
		</entry>
		<entry name="._javadoc_JCPRevCheck-javadoc.jar">
			<Algid>00008021</Algid>
			<Path>./javadoc/JCPRevCheck-javadoc.jar</Path>
			<Tag>115C5F2E944E89FC3BF26E499C0B7328A84A013599D778C222ED27F7E7517990</Tag>
		</entry>
		<entry name="._javadoc_cpSSL-javadoc.jar">
			<Algid>00008021</Algid>
			<Path>./javadoc/cpSSL-javadoc.jar</Path>
			<Tag>A44B8831A25EA550A50B1ACFA7A9259BC9B77FB3299F9AECCE854597EE6378E8</Tag>
		</entry>
		<entry name="._javadoc_XAdES-javadoc.jar">
			<Algid>00008021</Algid>
			<Path>./javadoc/XAdES-javadoc.jar</Path>
			<Tag>60FFBBD17FD43524F1C124BAEA98FE2799A6CE2F430297A73FE8AB70D68804F8</Tag>
		</entry>
		<entry name="._javadoc_XMLDSigRI-javadoc.jar">
			<Algid>00008021</Algid>
			<Path>./javadoc/XMLDSigRI-javadoc.jar</Path>
			<Tag>3D592A2D65BE7074C2E3A17B3A77655B4EA64797812529CBCC7A2460B9E9DE37</Tag>
		</entry>
		<entry name="._javadoc_J6Oscar-javadoc.jar">
			<Algid>00008021</Algid>
			<Path>./javadoc/J6Oscar-javadoc.jar</Path>
			<Tag>9E9C0328FC36AD77F12E5983115B1F10E4A8768C1048BFAED633C350479125E8</Tag>
		</entry>
		<entry name="._javadoc_J6CF-javadoc.jar">
			<Algid>00008021</Algid>
			<Path>./javadoc/J6CF-javadoc.jar</Path>
			<Tag>17FD7784EB7AC5AB951F6BFEC036AD36B71EC1428FF2D8D966819FD850B41DC1</Tag>
		</entry>
		<entry name="._javadoc_JCSP-javadoc.jar">
			<Algid>00008021</Algid>
			<Path>./javadoc/JCSP-javadoc.jar</Path>
			<Tag>DF833A6D03BD05ECF635D60C96B2B2B97EB3E085EA06A33216C0438CECA9B01F</Tag>
		</entry>
		<entry name="._javadoc_JCP-javadoc.jar">
			<Algid>00008021</Algid>
			<Path>./javadoc/JCP-javadoc.jar</Path>
			<Tag>F139540C24B8DC5906E1CCD5563C5916B4AF8423932523515A30D3DD491ED1E8</Tag>
		</entry>
		<entry name="._javadoc_JCryptoP-javadoc.jar">
			<Algid>00008021</Algid>
			<Path>./javadoc/JCryptoP-javadoc.jar</Path>
			<Tag>99EFE96BE2428B2AECD2D4A802E57157D748D735C3A30D597DFA48B4247B538B</Tag>
		</entry>
		<entry name="._javadoc_JCPinst-javadoc.jar">
			<Algid>00008021</Algid>
			<Path>./javadoc/JCPinst-javadoc.jar</Path>
			<Tag>D257AE817D9638BF87B41CB092BDEAA4DDC255946219223BB08635D4A5DE6232</Tag>
		</entry>
		<entry name="._javadoc_JCPxml-javadoc.jar">
			<Algid>00008021</Algid>
			<Path>./javadoc/JCPxml-javadoc.jar</Path>
			<Tag>4C121167FA2EBFCD66D314B06B4FC109E8F723D05D5211B70AFAB5CCE274AE7D</Tag>
		</entry>
		<entry name="._javadoc_JCPRequest-javadoc.jar">
			<Algid>00008021</Algid>
			<Path>./javadoc/JCPRequest-javadoc.jar</Path>
			<Tag>D8D5E457CEA23A9A40FF7F11CF0BA339A3E8ACE5265DC7F96A827AE07B9B3E9A</Tag>
		</entry>
		<entry name="._cpverify.exe">
			<Algid>00008021</Algid>
			<Path>./cpverify.exe</Path>
			<Tag>30AA2260226F3DD3AD6926DDAA3D1C153FE90E0EBDE9FC1078D6DA8DBD9F88BC</Tag>
		</entry>
		<entry name="._J6Oscar.jar">
			<Algid>00008021</Algid>
			<Path>./J6Oscar.jar</Path>
			<Tag>4D593A3D90EBA74A958F013909952AD617362A50D3C2F0A6BA4E94626121CB68</Tag>
		</entry>
		<entry name="._setup_console.bat">
			<Algid>00008021</Algid>
			<Path>./setup_console.bat</Path>
			<Tag>8D77A94FDE0C8C3C0C6FB3573090475FEF045B84C3D8835C778D57F36B64F10D</Tag>
		</entry>
		<entry name="._JCPRevTools.jar">
			<Algid>00008021</Algid>
			<Path>./JCPRevTools.jar</Path>
			<Tag>4622C13755CEAEFE427121EBC49C93090FC59BA6AA61AE3B516C2F77EADCD329</Tag>
		</entry>
		<entry name="._JCPRevCheck.jar">
			<Algid>00008021</Algid>
			<Path>./JCPRevCheck.jar</Path>
			<Tag>934F3E9956AAD569836F7272103767A4F747883AA264E751E346B9A8BD3169D6</Tag>
		</entry>
		<entry name="._ControlPane.bat">
			<Algid>00008021</Algid>
			<Path>./ControlPane.bat</Path>
			<Tag>EA1DAF6D2D8B0D791099BC900193E76BD9ACE28F27D5813C97825FDB3BDA5495</Tag>
		</entry>
		<entry name="._setup_gui.sh">
			<Algid>00008021</Algid>
			<Path>./setup_gui.sh</Path>
			<Tag>A8867F4CB12B3935E3CB7DD7140A63EF7D9AD6D376B4BDB1B202DD61FB3AB76A</Tag>
		</entry>
		<entry name="._samples-sources.jar">
			<Algid>00008021</Algid>
			<Path>./samples-sources.jar</Path>
			<Tag>095314494D6B8E340ABF5C3100504D55D7FC30881AC549AE3865398CC894A256</Tag>
		</entry>
		<entry name="._Doc_docker_jcsp_Dockerfile">
			<Algid>00008021</Algid>
			<Path>./Doc/docker/jcsp/Dockerfile</Path>
			<Tag>3871AAA0BB9C5BF739036AA77EC00377E2384CB0F3820711EA2B761656580BF9</Tag>
		</entry>
		<entry name="._Doc_docker_jcp_Dockerfile-RHEL">
			<Algid>00008021</Algid>
			<Path>./Doc/docker/jcp/Dockerfile-RHEL</Path>
			<Tag>1A4EE6A2A02813F89DE9E563C3BF0B7182AB82E6904CB0BC8F6D16C0FF0A9A89</Tag>
		</entry>
		<entry name="._Doc_docker_jcp_Dockerfile">
			<Algid>00008021</Algid>
			<Path>./Doc/docker/jcp/Dockerfile</Path>
			<Tag>F01789E1FAEEA583B9493C252E7C85620FC3E28FF04B6245B56E1E49FDAC1C82</Tag>
		</entry>
		<entry name="._Doc_Java_CSP_KC1_ЖТЯИ.00101-02 96 03. Руководство программиста. JavaTLS.pdf">
			<Algid>00008021</Algid>
			<Path>./Doc/Java_CSP_KC1/ЖТЯИ.00101-02 96 03. Руководство программиста. JavaTLS.pdf</Path>
			<Tag>7E3F0CAE576C25FAFB6914B2694B6F48341B128E28C87BCB877ED59FD86C822D</Tag>
		</entry>
		<entry name="._Doc_Java_CSP_KC1_ЖТЯИ.00101-02 92 05. Инструкция по использованию. JavaTLS.pdf">
			<Algid>00008021</Algid>
			<Path>./Doc/Java_CSP_KC1/ЖТЯИ.00101-02 92 05. Инструкция по использованию. JavaTLS.pdf</Path>
			<Tag>F8A8A126BAA669E328E71C7A0DF54BC90893174F4A1B43D2DA039036BF469C8B</Tag>
		</entry>
		<entry name="._Doc_Java_CSP_KC1_ЖТЯИ.00101-02 30 01. Формуляр.pdf">
			<Algid>00008021</Algid>
			<Path>./Doc/Java_CSP_KC1/ЖТЯИ.00101-02 30 01. Формуляр.pdf</Path>
			<Tag>0DCFA9A84FECD2E372C201AB8A56A49205369636B068160BED8D543929DE1C7C</Tag>
		</entry>
		<entry name="._Doc_Java_CSP_KC1_ЖТЯИ.00101-02 96 02. Руководство программиста. JavaCSP.pdf">
			<Algid>00008021</Algid>
			<Path>./Doc/Java_CSP_KC1/ЖТЯИ.00101-02 96 02. Руководство программиста. JavaCSP.pdf</Path>
			<Tag>2DF35751B13E73500CDEA2A3DC64760E6DD2C1740F12AAE7D497139A5EB6BDD9</Tag>
		</entry>
		<entry name="._Doc_Java_CSP_KC1_ЖТЯИ.00101-02 91 12. Руководство администратора безопасности. JavaCSP и JavaTLS.pdf">
			<Algid>00008021</Algid>
			<Path>./Doc/Java_CSP_KC1/ЖТЯИ.00101-02 91 12. Руководство администратора безопасности. JavaCSP и JavaTLS.pdf</Path>
			<Tag>8E22989E3243BE22B7E6C91FAD89EDD9EE334CE56EFF0E048034167BD15DB717</Tag>
		</entry>
		<entry name="._Doc_Java_CSP_KC1_ЖТЯИ.00101-02 92 04. Инструкция по использованию. JavaCSP.pdf">
			<Algid>00008021</Algid>
			<Path>./Doc/Java_CSP_KC1/ЖТЯИ.00101-02 92 04. Инструкция по использованию. JavaCSP.pdf</Path>
			<Tag>89E450ACADC1C3C4EB89B22D6D12558474DB8895AD8C75DB6FCD342A41FC8E6E</Tag>
		</entry>
		<entry name="._Doc_Java_CSP_KC2_ЖТЯИ.00102-02 96 02. Руководство программиста. JavaCSP.pdf">
			<Algid>00008021</Algid>
			<Path>./Doc/Java_CSP_KC2/ЖТЯИ.00102-02 96 02. Руководство программиста. JavaCSP.pdf</Path>
			<Tag>7AC85B042B3C0B8F39892C848E1C080C280E33805071FB9791ED46E6FD893AD9</Tag>
		</entry>
		<entry name="._Doc_Java_CSP_KC2_ЖТЯИ.00102-02 92 05. Инструкция по использованию. JavaTLS.pdf">
			<Algid>00008021</Algid>
			<Path>./Doc/Java_CSP_KC2/ЖТЯИ.00102-02 92 05. Инструкция по использованию. JavaTLS.pdf</Path>
			<Tag>D55814C1940F5FFCFE636FDF384FB0C0BA768D2E52DA640F5E52D11E8A6CAA24</Tag>
		</entry>
		<entry name="._Doc_Java_CSP_KC2_ЖТЯИ.00102-02 30 01. Формуляр.pdf">
			<Algid>00008021</Algid>
			<Path>./Doc/Java_CSP_KC2/ЖТЯИ.00102-02 30 01. Формуляр.pdf</Path>
			<Tag>EC2C50D044AB70D6C7A59DF651C8785FAEE4C9153CEA01EBE8A886554D9A2F2C</Tag>
		</entry>
		<entry name="._Doc_Java_CSP_KC2_ЖТЯИ.00102-02 91 12. Руководство администратора безопасности. JavaCSP и JavaTLS.pdf">
			<Algid>00008021</Algid>
			<Path>./Doc/Java_CSP_KC2/ЖТЯИ.00102-02 91 12. Руководство администратора безопасности. JavaCSP и JavaTLS.pdf</Path>
			<Tag>5D0E0D2946FF1751D9E9A83B6364908CACA81CB2D677A048B2B484D90320A8F0</Tag>
		</entry>
		<entry name="._Doc_Java_CSP_KC2_ЖТЯИ.00102-02 92 04. Инструкция по использованию. JavaCSP.pdf">
			<Algid>00008021</Algid>
			<Path>./Doc/Java_CSP_KC2/ЖТЯИ.00102-02 92 04. Инструкция по использованию. JavaCSP.pdf</Path>
			<Tag>F8496D27488D3256EE769DC00A72C8FAABB08BEE9CADABB9C56DB6459DB01D63</Tag>
		</entry>
		<entry name="._Doc_Java_CSP_KC2_ЖТЯИ.00102-02 96 03. Руководство программиста. JavaTLS.pdf">
			<Algid>00008021</Algid>
			<Path>./Doc/Java_CSP_KC2/ЖТЯИ.00102-02 96 03. Руководство программиста. JavaTLS.pdf</Path>
			<Tag>C67F4EA9D35DBC534A83AF530C2D39DA2159A66E4A8BC307122FA1A7422947A2</Tag>
		</entry>
		<entry name="._Doc_itextpdf_5.5.5_itextpdf_patched-5.5.5.jar">
			<Algid>00008021</Algid>
			<Path>./Doc/itextpdf/5.5.5/itextpdf_patched-5.5.5.jar</Path>
			<Tag>FDED29FB7BAD26D7D62CF779C095C7052C6CE36D3B39ECD4971CE27882C1520B</Tag>
		</entry>
		<entry name="._Doc_itextpdf_5.1.3_itextpdf_patched-5.1.3.jar">
			<Algid>00008021</Algid>
			<Path>./Doc/itextpdf/5.1.3/itextpdf_patched-5.1.3.jar</Path>
			<Tag>4ED0FB569BA08D2908C497C0A428439BC0D8882C7B0D77A40FED8DA859D34AFD</Tag>
		</entry>
		<entry name="._Doc_itextpdf_5.5.5-2_itextpdf_patched-5.5.5-2.jar">
			<Algid>00008021</Algid>
			<Path>./Doc/itextpdf/5.5.5-2/itextpdf_patched-5.5.5-2.jar</Path>
			<Tag>E8AFC761EDA9B81D555F46C6460001BB561FF213553B1B3293EC735E92DEC127</Tag>
		</entry>
		<entry name="._Doc_LicenseLoader.pdf">
			<Algid>00008021</Algid>
			<Path>./Doc/LicenseLoader.pdf</Path>
			<Tag>EA4AFC2F9F33294E580FB2D6D630867B852CB7539B0193248965406F43FE4C63</Tag>
		</entry>
		<entry name="._JCP.jar">
			<Algid>00008021</Algid>
			<Path>./JCP.jar</Path>
			<Tag>CF10380ABCDD2760C86470D0C4AE20995CEBC9EC5F094F29F2FAAAFCD3609C2D</Tag>
		</entry>
		<entry name="._setup_console.sh">
			<Algid>00008021</Algid>
			<Path>./setup_console.sh</Path>
			<Tag>7498D90E6C58DF34503A84A705499142C19FBB7CB8D987CA945D6B12A0C08B4C</Tag>
		</entry>
		<entry name="._JCSP.jar">
			<Algid>00008021</Algid>
			<Path>./JCSP.jar</Path>
			<Tag>B24EEC6361D134CD88521D2ECBA64AF87B78C273DC3418F6A45DA0271B25950B</Tag>
		</entry>
		<entry name="._JCPinst.jar">
			<Algid>00008021</Algid>
			<Path>./JCPinst.jar</Path>
			<Tag>CE9635892848928422728E8BA4AD6458FCD3E633A3D84555A4024FB1B079B421</Tag>
		</entry>
		<entry name="._forms_rt.jar">
			<Algid>00008021</Algid>
			<Path>./forms_rt.jar</Path>
			<Tag>437E4769E514476233EC9B70CE064ED10939AB459D9CE51A894A6AE4C54B5C6B</Tag>
		</entry>
		<entry name="._J6CF.jar">
			<Algid>00008021</Algid>
			<Path>./J6CF.jar</Path>
			<Tag>9C2891700B7C09BAEA4147150284AA8C4EB582E7DB80C9883D41356E52CABE2A</Tag>
		</entry>
		<entry name="._asn1rt.jar">
			<Algid>00008021</Algid>
			<Path>./asn1rt.jar</Path>
			<Tag>29E1144BC6610AD3E9FA79DA6BB454DF866B6D05EB29E238F9ACF428A54BE132</Tag>
		</entry>
		<entry name="._JCPinstGUI.jar">
			<Algid>00008021</Algid>
			<Path>./JCPinstGUI.jar</Path>
			<Tag>DD6F2B5466DD013131FB57B22EED97BCD334A82E6F5F094C27158C88144F0273</Tag>
		</entry>
		<entry name="._Rutoken.jar">
			<Algid>00008021</Algid>
			<Path>./Rutoken.jar</Path>
			<Tag>F05371390FE4F14C2D14F61EB477CECF0C7580B073F627BD4F4B87526583FA24</Tag>
		</entry>
		<entry name="._ControlPane.sh">
			<Algid>00008021</Algid>
			<Path>./ControlPane.sh</Path>
			<Tag>E35E3DCA38F6B686805D67894504355986E5903970CFE01EC75C78F496F99F4F</Tag>
		</entry>
		<entry name="._cpSSL.jar">
			<Algid>00008021</Algid>
			<Path>./cpSSL.jar</Path>
			<Tag>34FF2E63B85ED60A7983C7FCC5E1A508E8CF8D66009D453B8C95627BB85BE482</Tag>
		</entry>
		<entry name="._JCPRequest.jar">
			<Algid>00008021</Algid>
			<Path>./JCPRequest.jar</Path>
			<Tag>D6FA3C3176BAF2A91D3ABBDBE6B15022E59BFCB578B9816381B646375BA2FBF4</Tag>
		</entry>
		<entry name="._ASN1P.jar">
			<Algid>00008021</Algid>
			<Path>./ASN1P.jar</Path>
			<Tag>B78829BD7A230B3248C96ABD2F617AA72660EDB145C462BF2F66E26BE04AF0E3</Tag>
		</entry>
		<entry name="._JCPxml.jar">
			<Algid>00008021</Algid>
			<Path>./JCPxml.jar</Path>
			<Tag>AC2B5AFADC81927FFD4758F2954745AB7BF2646DDFAC456D45E3B853CA116BC4</Tag>
		</entry>
		<entry name="._JCPControlPane.jar">
			<Algid>00008021</Algid>
			<Path>./JCPControlPane.jar</Path>
			<Tag>713F393F5D548419AF304D6220DD3B445FAEE43E2A548D5272CDA7ADF5CDAD43</Tag>
		</entry>
		<entry name="._CAdES.jar">
			<Algid>00008021</Algid>
			<Path>./CAdES.jar</Path>
			<Tag>684B7378B6FDB28D79F0C525D42440372DFA82EA9CA5899DD41DE2B9AB8289FC</Tag>
		</entry>
		<entry name="._cmsutil.jar">
			<Algid>00008021</Algid>
			<Path>./cmsutil.jar</Path>
			<Tag>AFBE7D4D3E3812214A829D47F2E697455AB03723B48A8CAE187849A7099F34C3</Tag>
		</entry>
		<entry name="._tls_proxy.jar">
			<Algid>00008021</Algid>
			<Path>./tls_proxy.jar</Path>
			<Tag>CEADB8343CEB3DFADD8E4714B72B4381DAA355ACF6F796573A45E24CA2CEF008</Tag>
		</entry>
		<entry name="._XMLDSigRI.jar">
			<Algid>00008021</Algid>
			<Path>./XMLDSigRI.jar</Path>
			<Tag>3BB19A927F62ABF21CA3A201187A4B0B39A856DD95BF337DFB9E7110C89BD8EE</Tag>
		</entry>
		<entry name="._setup.exe">
			<Algid>00008021</Algid>
			<Path>./setup.exe</Path>
			<Tag>32B40ABADEF74E6145B48706BBE389C00B0B3EE1734D2E7163A85731FCC42487</Tag>
		</entry>
		<entry name="._JCryptoP.jar">
			<Algid>00008021</Algid>
			<Path>./JCryptoP.jar</Path>
			<Tag>8F81C928FCED644E5107AADC5C5C02AC662A909FF91B7F7F3AC50D84650ADD0E</Tag>
		</entry>
		<entry name="._XAdES.jar">
			<Algid>00008021</Algid>
			<Path>./XAdES.jar</Path>
			<Tag>47E78D90325008026B2226D8D72C177D8D15149720349BC05BA2CFBB5A8E1F2A</Tag>
		</entry>
		<entry name="._AdES-core.jar">
			<Algid>00008021</Algid>
			<Path>./AdES-core.jar</Path>
			<Tag>C6D8A0920BF36DCF17A49293E698C211C291160A2A589F1A15E742DE71B03D89</Tag>
		</entry>
	</catalog>
</CProIntegrity>